{
  "scenario": "openai-gpt5.5",
  "cost_cap": 7.245,
  "per_route": {
    "R1": 0.08730188635840809,
    "R2": 0.0,
    "R3": 0.07895500345065562
  },
  "per_category_route": {
    "A/R1": 0.014189095928226363,
    "A/R2": 0.0,
    "A/R3": 0.04442719116632159,
    "B/R1": 0.02997791580400276,
    "B/R2": 0.0,
    "B/R3": 0.009025534851621808,
    "C/R1": 0.04313487462617898,
    "C/R2": 0.0,
    "C/R3": 0.02550227743271222
  }
}