{
  "scenario": "openai-gpt5.5",
  "cost_cap": 0.19849500000000003,
  "per_route": {
    "R1": 0.517897176251291,
    "R2": 0.0,
    "R3": 0.7902717952593262
  },
  "per_category_route": {
    "A/R1": 0.517897176251291,
    "A/R2": 0.0,
    "A/R3": 0.7902717952593262,
    "B/R1": 0.0
  }
}