{
  "elapsed_ms": 1219754,
  "hybrid_cost_usd": 0.13388499999999998,
  "baseline_cost_usd": 0.42210500000000006,
  "saved_usd": 0.2882200000000001,
  "saved_pct": 68.28158870423236,
  "calls": 12,
  "local_calls": 10,
  "cloud_calls": 1,
  "prompt_tokens": 24385,
  "completion_tokens": 10006,
  "reasoning_tokens": 551,
  "cached_tokens": 0
}