{
  "elapsed_ms": 1083618,
  "hybrid_cost_usd": 0.16293,
  "baseline_cost_usd": 0.4375049999999999,
  "saved_usd": 0.2745749999999999,
  "saved_pct": 62.75928275105426,
  "calls": 11,
  "local_calls": 9,
  "cloud_calls": 1,
  "prompt_tokens": 22617,
  "completion_tokens": 10814,
  "reasoning_tokens": 2536,
  "cached_tokens": 0
}